ad_spend,store_traffic,discount_pct,is_holiday_season,competitor_price_diff,sales
4058.13,411.0,10.5,0,2.88,8266.54
9531.79,1107.0,9.9,0,12.22,15194.03
7453.94,1752.0,36.3,0,10.41,35191.5
6187.26,1478.0,10.0,0,-13.84,31105.52
1982.18,1623.0,10.9,0,-14.03,30243.89
1981.95,1335.0,30.4,1,-9.27,34111.97
1051.79,1400.0,18.0,1,-5.56,29727.49
8728.67,1706.0,31.1,0,-3.66,32622.84
6210.59,537.0,2.6,0,7.19,12651.87
7226.69,1004.0,19.5,0,-17.73,21495.37
695.55,481.0,1.3,0,-18.61,15878.4
9714.14,1976.0,2.5,0,-4.32,37054.99
8408.21,1891.0,36.3,0,7.89,37446.47
2517.22,127.0,5.6,0,-12.26,3422.66
2227.34,1426.0,21.3,0,5.66,26029.46
2242.34,1854.0,16.4,0,-9.61,32273.49
3390.3,402.0,13.9,0,15.44,12620.75
5485.19,1157.0,36.0,0,15.83,26596.7
4603.48,1835.0,0.9,0,-8.11,28458.14
3266.68,116.0,26.6,0,-10.8,15221.92
6312.6,1410.0,38.5,0,-3.55,32444.75
1825.19,630.0,22.4,0,-10.38,17978.22
3275.37,1853.0,37.5,0,6.9,34544.55
3980.44,1944.0,2.1,0,13.04,31607.68
4832.66,1891.0,16.8,0,6.92,34515.91
7959.17,975.0,10.4,0,12.97,13974.74
2396.9,1731.0,29.2,1,-4.12,44385.22
5385.23,1697.0,39.3,0,-13.75,40967.78
6127.94,672.0,10.3,0,9.52,13246.87
941.28,1666.0,26.2,0,-5.58,27839.49
6271.68,122.0,7.9,0,6.85,7047.71
2119.98,1213.0,22.6,0,-9.17,24767.56
1117.99,499.0,18.6,0,-16.75,14155.29
9514.41,285.0,38.9,0,19.7,15808.3
9673.5,200.0,24.3,0,-13.75,15324.73
8179.77,1408.0,14.0,0,19.54,30781.35
3393.83,713.0,4.6,0,19.09,13478.04
1427.89,1463.0,6.0,1,11.75,24784.16
7000.21,177.0,9.0,0,6.38,11541.85
4681.45,665.0,10.0,0,3.11,18993.56
1659.36,1102.0,34.0,0,14.64,32449.38
5204.18,1592.0,22.4,1,-8.42,33273.84
826.69,672.0,20.9,0,-1.29,15506.05
9138.54,1270.0,4.6,0,4.78,17916.4
2958.41,1778.0,34.4,0,-3.55,36968.81
6793.96,1251.0,28.9,0,-2.9,26530.94
3461.26,504.0,2.7,0,-6.79,16149.47
5440.65,98.0,28.3,0,2.57,7317.34
5693.75,1747.0,21.7,0,14.02,27206.18
2256.12,91.0,3.3,0,-11.94,2695.31
9711.05,1756.0,18.3,0,17.38,27540.31
7863.76,1081.0,19.4,0,7.56,25679.08
9425.24,1881.0,6.6,0,12.93,27026.82
9000.86,1608.0,37.8,0,2.25,36085.99
6180.05,1996.0,34.0,0,11.18,32701.51
9257.81,734.0,26.8,1,-19.35,26576.67
1340.68,1546.0,18.5,0,12.74,31470.28
2361.84,834.0,16.5,0,-18.39,19535.02
929.66,986.0,26.0,0,15.6,16620.78
3590.64,1274.0,21.8,1,19.68,28595.42
4192.43,1754.0,2.5,0,-8.24,29612.49
3077.82,1969.0,20.5,0,-11.59,37518.24
8373.01,1548.0,32.3,0,10.61,28909.99
3889.16,865.0,18.4,0,-9.88,21156.19
3168.88,872.0,2.1,0,14.62,5791.81
5655.61,1488.0,31.5,0,-15.89,30823.56
1838.78,516.0,8.1,0,-14.96,9996.65
8120.87,265.0,10.3,1,19.17,15477.47
1208.23,742.0,6.6,0,6.95,12556.07
9875.43,610.0,13.2,0,13.88,11404.45
7836.33,628.0,30.3,0,-7.03,16996.35
2387.8,506.0,20.8,0,7.06,12963.31
552.46,132.0,8.2,0,3.77,3357.73
8246.88,85.0,35.1,0,4.13,10351.44
7215.14,1976.0,35.2,0,7.3,38258.5
7425.57,884.0,34.8,1,3.01,30787.13
7827.07,799.0,9.6,1,-2.84,21489.38
1203.42,1375.0,18.0,0,-8.96,25294.08
3905.42,476.0,39.4,0,10.74,22616.91
1600.76,1902.0,30.9,1,-10.95,37117.72
8699.48,1583.0,1.1,0,7.69,22146.61
6421.33,224.0,2.6,1,-10.67,15301.68
3643.53,864.0,18.6,0,5.01,16060.47
1103.8,1764.0,36.4,0,9.88,32544.51
3454.33,1892.0,21.5,0,-11.25,32976.84
3589.24,961.0,19.9,0,-17.6,20827.4
7431.26,1246.0,4.2,0,-14.76,29228.2
6556.8,376.0,26.3,0,4.24,16235.58
8928.52,1983.0,32.9,0,13.98,42251.21
4986.04,502.0,15.2,0,-18.2,10270.11
1636.15,1888.0,31.0,0,9.37,31145.13
7275.83,1317.0,38.6,1,-6.35,28096.43
7727.46,1235.0,8.2,0,-0.86,21660.73
5832.13,1050.0,20.9,1,17.15,29346.6
7824.19,500.0,11.5,0,-6.72,15794.82
5191.06,394.0,31.7,0,-1.39,14298.19
5465.96,480.0,23.1,1,-19.45,21042.26
4561.64,414.0,25.4,0,-16.74,12833.03
741.48,1570.0,31.9,0,-9.66,31693.68
1524.97,733.0,15.8,0,-18.89,18729.92
798.58,163.0,36.6,0,5.26,4893.85
6545.9,1940.0,21.3,0,-2.94,37767.9
3486.38,1773.0,6.3,1,1.93,37250.81
5331.42,1859.0,27.8,0,-13.01,35915.49
9121.88,1990.0,31.7,0,-8.16,43513.2
2868.28,389.0,12.7,0,6.55,17724.39
4398.64,823.0,34.3,0,18.61,19594.83
7677.74,1529.0,36.2,0,-17.98,36635.08
2673.58,1407.0,11.1,0,15.62,21197.23
1231.31,350.0,39.3,0,3.08,14033.02
3252.64,1641.0,5.6,0,2.56,28541.4
2031.6,488.0,8.1,0,0.01,10530.45
9332.13,486.0,7.4,0,-17.22,11755.38
8177.14,1097.0,35.8,0,-16.4,29628.47
6517.34,1206.0,26.2,0,4.04,30650.17
8778.88,1181.0,6.1,1,-6.36,30178.63
8134.88,228.0,17.6,0,16.69,12566.72
2272.42,1761.0,24.6,0,-3.74,32062.2
8979.31,568.0,3.3,0,-14.27,17067.37
5623.75,303.0,35.3,0,8.59,14560.22
8170.68,1783.0,32.1,0,-8.27,35068.59
9012.87,1914.0,20.2,0,1.02,38124.95
3521.03,1731.0,38.7,0,7.91,31856.61
1545.49,1629.0,16.7,0,16.01,25363.69
2665.38,1328.0,39.4,0,11.69,28754.38
4557.52,1124.0,26.7,0,7.05,24812.08
8271.14,220.0,25.4,0,7.19,8364.78
8676.94,846.0,6.6,0,17.84,20098.36
566.05,777.0,35.3,1,-8.17,26358.97
5352.1,557.0,17.1,1,-19.96,18926.02
4465.4,1461.0,6.5,1,-9.12,26557.6
2610.02,1017.0,0.5,1,-11.28,22128.27
1638.72,208.0,22.4,1,6.47,11562.31
3707.34,479.0,21.1,0,5.35,13174.77
9457.64,1382.0,28.8,0,3.74,29830.54
3570.43,198.0,35.6,0,-19.35,7409.76
5428.51,1710.0,3.2,0,9.15,27100.18
7178.68,1016.0,29.3,0,-7.06,24322.19
3954.48,987.0,7.5,0,6.6,19656.5
9731.93,1205.0,34.3,0,2.26,27533.66
9643.25,1658.0,32.8,0,-6.29,41785.34
2891.93,728.0,21.6,1,-14.62,17130.17
5223.86,1372.0,28.4,0,-16.22,34107.21
3358.34,1153.0,12.6,0,13.26,19757.82
3205.98,571.0,18.8,0,16.74,15172.79
850.43,1763.0,32.9,0,5.99,33208.32
6290.86,1605.0,18.4,1,-15.86,40581.94
5275.45,1334.0,14.3,0,-3.92,24661.25
989.05,1709.0,19.8,0,9.16,26049.27
3147.14,1741.0,33.1,0,11.19,37684.01
9128.53,1431.0,13.4,0,-15.27,29596.8
2775.84,1682.0,7.0,0,-20.0,30275.23
1876.5,1410.0,28.5,0,8.49,30810.82
5149.8,1376.0,33.0,0,-5.74,27189.87
9863.68,1256.0,4.0,0,-9.82,27153.45
2799.53,1518.0,9.6,0,-19.48,25874.76
6885.29,359.0,5.7,1,1.61,14442.15
7735.39,1768.0,13.9,0,14.05,32259.85
2757.56,1750.0,18.0,1,18.31,30267.92
7418.06,107.0,30.0,0,2.63,8758.23
3993.94,1660.0,26.0,0,0.58,36118.23
6506.91,301.0,24.8,0,-16.6,16726.72
6518.53,703.0,14.1,0,1.95,16286.18
5589.86,1500.0,33.7,0,-4.8,33137.56
1357.75,363.0,18.9,0,4.29,8675.84
8435.37,1645.0,39.2,0,-4.45,41151.89
3547.41,1673.0,25.4,1,-10.39,37166.75
2271.93,1040.0,5.1,0,-16.2,19731.15
887.36,62.0,27.0,0,-7.4,10820.24
6113.48,610.0,13.0,0,-16.13,13762.06
6936.86,1253.0,27.5,0,-12.92,33464.46
657.58,1963.0,2.8,0,19.49,24184.76
5364.88,1282.0,7.0,0,-2.24,28379.83
2651.71,557.0,34.2,0,1.27,15300.99
6629.14,1286.0,9.1,0,14.94,22503.0
2156.48,1103.0,33.5,0,19.82,17063.29
7063.91,1571.0,11.2,0,3.31,27697.57
4173.99,259.0,25.7,1,12.5,11989.9
9398.93,1534.0,27.8,1,-6.92,36993.59
1806.45,1105.0,20.5,0,-7.77,21796.2
3740.13,1928.0,12.2,0,-3.89,36414.79
1578.0,717.0,8.5,0,6.9,13310.7
9284.59,1284.0,1.3,0,7.29,24502.02
8834.72,1867.0,12.2,0,-7.39,32165.43
2950.45,250.0,26.1,0,-14.67,8980.4
6769.85,1878.0,37.5,0,5.3,44027.8
8263.61,1391.0,34.8,0,-14.87,30955.85
5774.41,182.0,30.6,0,3.14,16467.4
5531.68,637.0,31.5,1,7.74,22278.47
2797.6,1431.0,26.6,0,8.02,27547.62
1384.48,181.0,10.4,0,10.14,7894.52
9023.55,1185.0,36.3,1,14.91,37170.35
9053.97,724.0,26.8,1,-0.0,25427.62
6514.46,1261.0,22.4,0,9.21,24751.01
3720.78,139.0,4.4,0,4.77,4287.15
3817.49,1749.0,17.9,0,-12.53,33744.27
7396.58,1948.0,18.4,1,-18.97,45797.41
9022.55,1939.0,34.6,1,-8.62,46219.62
8927.32,1512.0,21.9,0,-2.28,33553.11
7908.82,304.0,15.2,0,4.68,16092.98
6599.3,1529.0,39.1,0,14.0,34067.31
1299.33,98.0,4.4,0,-12.15,4911.57
2035.47,93.0,16.9,0,-14.98,2436.75
9036.26,681.0,1.7,1,18.54,10694.6
6261.08,1003.0,29.6,0,-15.68,26511.97
587.37,1552.0,36.7,1,-0.86,35707.07
1463.98,1382.0,11.2,1,3.42,26890.53
6803.27,920.0,34.3,0,1.65,24659.21
548.09,584.0,11.7,0,-16.56,12508.85
2027.68,1994.0,36.4,0,-17.72,43016.75
5712.97,881.0,30.2,0,-15.78,23624.77
7073.0,930.0,32.2,0,3.42,21414.18
6693.63,369.0,0.7,0,1.77,11855.46
2630.56,1600.0,38.5,0,-10.65,33216.58
7265.7,1403.0,29.1,0,5.51,31625.16
2753.87,481.0,12.2,0,12.8,8566.0
3591.3,211.0,33.2,0,-18.34,11107.92
7591.67,1377.0,11.3,0,-0.07,26961.1
6671.51,1326.0,34.9,0,7.57,29644.93
8567.62,583.0,4.5,0,-9.91,16159.38
6747.32,1904.0,28.1,0,-7.69,37375.1
5898.93,345.0,21.6,0,4.55,6570.78
1389.91,893.0,3.9,0,15.92,12291.31
3993.3,1890.0,9.7,0,12.4,33672.26
3019.42,868.0,0.5,0,3.33,13477.82
2817.9,1295.0,18.8,1,9.21,28110.12
9743.6,825.0,12.1,0,-5.41,23053.26
4234.43,585.0,23.9,0,5.64,13087.86
8974.44,1969.0,11.9,0,-1.35,31876.28
6495.82,848.0,12.0,0,-12.4,18880.59
8050.71,1793.0,29.7,0,8.07,34775.22
5275.05,498.0,1.9,0,2.26,7419.42
5980.59,466.0,36.1,0,-5.66,17123.04
5178.92,111.0,34.1,0,16.45,11226.47
2354.81,1321.0,26.7,0,-19.16,27836.24
7363.3,769.0,23.7,0,-7.37,21467.28
3167.34,1735.0,35.7,0,-17.72,41612.77
731.0,973.0,7.4,1,10.66,19558.01
6631.99,1938.0,3.2,0,8.08,33205.71
2182.55,412.0,9.6,0,-6.75,8196.01
9434.36,1744.0,31.8,0,7.03,34129.83
9562.32,1564.0,1.4,0,-4.16,27102.26
9191.21,1553.0,23.3,0,10.25,30301.24
4016.51,1697.0,39.8,0,-1.83,36656.7
646.84,1534.0,34.2,0,-3.51,37506.87
9319.03,1271.0,20.9,0,17.39,24358.76
4567.75,306.0,2.5,0,-9.96,6929.23
9683.22,113.0,33.3,0,-15.18,14219.19
9654.39,1846.0,24.0,1,3.38,43220.68
8603.59,1252.0,4.6,0,18.77,23297.1
3297.26,1603.0,3.8,0,-4.89,30691.41
4158.43,989.0,36.4,0,-17.52,18313.06
8585.8,279.0,26.8,0,-6.43,7181.2
3510.76,294.0,33.2,0,0.24,11294.74
2110.18,1387.0,35.2,0,-13.52,33263.45
5789.61,889.0,22.9,0,6.32,15602.56
9393.47,441.0,20.7,0,19.91,4835.96
7112.28,1009.0,17.2,0,-1.93,23996.67
5915.58,175.0,12.7,0,-5.81,9317.31
1423.18,1185.0,17.4,1,-3.97,24008.14
6342.57,575.0,31.0,0,-15.39,16255.29
9905.51,1605.0,24.1,0,15.33,29711.04
1830.8,655.0,35.7,0,-3.41,18487.84
5424.13,938.0,17.7,0,-4.51,18806.07
8835.04,73.0,24.3,0,6.39,11335.32
7537.3,191.0,25.3,0,-2.32,3309.8
7121.65,815.0,23.7,0,5.93,17479.94
7173.6,986.0,28.1,0,-17.54,22021.29
3915.17,1220.0,9.5,0,12.55,20384.72
3289.12,619.0,20.5,0,17.62,12000.85
8188.93,1405.0,4.2,0,5.95,27923.97
8196.08,1727.0,15.4,0,18.18,26050.09
8737.19,1571.0,19.5,0,-13.94,33082.46
9175.79,127.0,26.1,0,-0.9,13461.81
5357.75,987.0,38.0,1,4.07,35332.11
5264.4,255.0,24.0,1,3.27,14549.76
8083.8,522.0,29.7,1,-3.94,24109.17
6674.66,1974.0,20.3,0,-6.48,32103.88
7168.69,328.0,25.4,0,-14.93,7593.46
8060.03,1023.0,2.8,0,-4.33,22820.7
8955.05,1255.0,10.2,0,-13.49,26406.52
3710.95,1420.0,14.5,0,9.37,28832.97
4068.04,1141.0,18.9,1,-11.65,24745.22
1392.83,69.0,1.8,1,-17.66,10069.7
5993.66,687.0,5.6,0,2.09,19854.9
841.45,1060.0,11.1,0,3.81,19482.69
4923.18,221.0,38.9,0,14.88,13193.57
5655.12,734.0,13.3,1,3.08,21263.5
3222.14,115.0,19.3,1,-6.18,7970.41
6112.92,203.0,7.8,0,12.12,10770.74
789.75,824.0,24.4,0,1.61,15679.66
854.81,309.0,11.2,1,-16.83,15164.56
8314.71,1157.0,8.3,0,2.63,18264.04
3921.81,1394.0,20.7,0,16.32,22166.3
1707.07,1611.0,0.2,1,-4.15,34701.81
5461.31,440.0,0.3,0,-8.15,9006.21
7814.94,377.0,8.8,0,-14.26,16809.61
2550.3,254.0,1.5,0,-13.94,6258.21
6417.46,1291.0,4.3,0,-2.69,18127.96
1310.8,1428.0,13.6,1,3.83,32150.73
990.98,112.0,32.1,0,-16.78,8162.42
5547.87,1876.0,22.9,1,17.58,41173.98
5636.03,151.0,20.5,0,10.21,8448.72
6555.58,1106.0,11.7,0,3.46,17302.07
7397.87,1433.0,37.3,0,13.14,32084.86
9770.59,1748.0,15.9,0,-16.79,42219.34
5404.85,1442.0,3.5,0,-0.93,26589.29
3568.09,1613.0,24.7,0,5.2,30332.27
8054.27,712.0,4.6,0,13.15,17791.1
3072.91,1639.0,13.8,0,11.34,28606.78
4670.23,206.0,20.3,0,-8.92,10829.75
1245.34,1795.0,35.0,0,17.64,29854.14
740.83,1118.0,19.7,0,-15.03,22989.5
9645.16,1644.0,28.1,0,15.01,37002.51
8441.81,932.0,39.7,0,18.84,22128.55
7111.75,1305.0,5.3,0,-12.91,29489.03
4385.05,1076.0,11.0,0,8.88,19551.93
2146.3,1477.0,15.8,0,-18.39,25186.53
1986.15,209.0,16.9,1,-3.78,15800.92
2877.31,168.0,16.4,0,0.65,6329.63
5717.65,532.0,36.3,0,3.23,20117.96
7288.66,361.0,28.6,0,17.44,12503.0
6771.88,1750.0,24.3,0,6.89,33768.17
3159.37,477.0,12.4,0,-0.75,12757.27
9571.22,1953.0,33.0,0,12.39,40551.72
7510.02,707.0,38.2,0,18.02,14571.4
5766.36,405.0,32.8,1,-19.12,18695.37
6311.35,1590.0,0.1,0,19.3,28261.04
4486.2,1334.0,25.5,0,-16.55,28279.48
2853.44,1021.0,2.0,0,12.58,14580.8
3881.74,1133.0,10.3,0,-8.79,17623.32
7699.54,1452.0,2.4,0,-14.71,24050.43
636.74,495.0,24.2,0,-2.41,6708.1
1602.69,1993.0,27.5,0,5.76,35422.33
937.03,1951.0,4.6,1,-4.76,34232.76
886.92,1318.0,15.4,0,-17.82,21811.83
8626.88,439.0,18.2,1,3.98,19027.3
7184.75,1376.0,14.8,0,16.1,26995.7
5004.65,191.0,4.8,0,-4.67,12985.63
1429.42,110.0,16.8,0,-11.35,2084.97
5170.35,552.0,30.0,1,-2.3,25543.72
4997.98,952.0,2.8,0,-18.07,21713.32
2145.42,1743.0,3.2,0,12.82,24498.28
4621.59,1468.0,14.2,0,13.05,26734.08
4285.79,1498.0,37.7,0,3.52,30496.37
6350.58,880.0,26.7,0,-5.88,22746.69
6533.39,725.0,27.1,0,11.99,23132.74
930.39,774.0,14.5,0,2.19,16605.26
4058.82,1976.0,23.7,0,13.04,36900.29
6445.67,128.0,0.4,0,5.26,3515.48
5279.79,1741.0,25.4,0,11.38,28477.07
8636.65,1178.0,36.5,0,3.94,28360.07
6757.59,905.0,24.5,1,-3.43,30753.46
2047.88,1464.0,34.9,0,18.32,23930.38
1170.4,999.0,29.0,0,1.64,18065.22
6602.98,1753.0,4.8,0,4.2,30606.11
751.86,1806.0,36.1,0,-11.18,32631.56
6064.87,872.0,2.7,0,5.03,13869.67
9432.19,590.0,21.4,1,2.86,21335.11
5967.0,1205.0,5.7,0,-12.61,19108.51
4187.61,1829.0,0.5,0,-17.62,28111.04
6611.24,461.0,16.9,0,4.17,15370.1
4853.4,1265.0,11.8,0,10.55,18992.87
5683.36,1282.0,19.4,0,0.94,21084.32
9443.92,1480.0,23.1,1,-10.93,35517.37
4167.98,307.0,1.7,0,6.66,8695.25
9631.31,1446.0,4.9,0,-16.8,28240.46
9100.83,1823.0,22.3,0,-2.33,35151.14
2360.02,400.0,13.7,0,-13.47,11141.38
1158.93,513.0,29.2,0,-12.62,9883.61
1457.39,1944.0,26.1,0,-11.91,37547.11
673.11,403.0,33.8,0,-4.53,14657.81
1397.21,1716.0,27.7,0,-17.95,32187.7
6988.56,1010.0,17.2,0,-4.09,25427.69
1176.29,532.0,26.9,1,0.47,15533.44
3530.27,1748.0,11.0,0,-0.67,33624.8
8526.32,918.0,12.3,0,-4.69,21327.42
721.08,1054.0,31.6,0,13.57,20385.9
8237.45,751.0,17.9,0,-14.19,20022.99
3177.62,1206.0,31.9,0,0.23,25729.64
1622.57,369.0,32.9,0,-17.52,17986.05
7119.0,813.0,34.3,0,-17.15,20751.4
6474.96,1940.0,36.7,0,2.95,37151.94
8835.98,553.0,17.2,0,2.64,19063.93
7483.17,1331.0,12.8,0,15.12,23255.76
8133.07,684.0,23.3,1,2.31,26502.34
3179.33,1558.0,14.8,0,18.39,31560.11
2185.68,305.0,24.0,0,-18.05,10718.28
7630.84,1941.0,28.2,0,-16.08,41907.83
8164.93,935.0,27.5,0,-18.24,21610.96
9909.8,510.0,15.0,0,-12.59,18877.11
4419.87,193.0,6.7,1,1.65,11910.8
4034.17,381.0,17.2,1,5.82,17130.02
7875.92,1064.0,5.7,0,-18.18,20549.51
3737.63,707.0,35.6,1,17.84,18186.58
9342.19,1666.0,13.8,1,13.69,37847.78
8654.92,890.0,6.2,1,-8.14,18377.23
4575.44,535.0,1.0,1,-16.91,15917.14
7633.28,1253.0,25.8,0,-13.2,31664.61
7668.16,1428.0,25.5,0,-14.92,32122.0
1479.68,376.0,13.6,0,-15.07,16151.17
9074.25,377.0,2.9,0,0.74,13779.61
5299.9,122.0,16.4,1,-10.17,11601.21
8351.35,1486.0,12.4,0,-5.67,29491.06
3540.47,1344.0,27.1,0,19.58,25644.95
9007.47,976.0,24.2,1,7.37,23646.59
4197.42,1696.0,14.6,1,17.96,31199.51
602.96,1621.0,8.7,1,-14.3,30822.01
9101.13,1191.0,39.5,0,-4.71,24594.96
1367.22,1743.0,18.2,0,2.19,30429.9
3533.48,451.0,27.5,0,-16.93,14650.95
9525.59,268.0,5.6,0,-19.83,6478.79
9530.77,576.0,19.4,0,6.82,17957.53
5947.66,161.0,1.1,0,5.67,7307.71
6502.45,1086.0,20.2,0,-3.57,24548.16
4760.23,1876.0,38.6,0,-0.41,37298.91
3285.5,127.0,15.4,0,-3.38,8662.11
3622.31,288.0,1.6,0,-19.04,10008.68
6888.93,932.0,1.2,0,-6.59,19117.95
7647.56,1871.0,15.5,0,-12.92,33553.02
8020.0,667.0,6.4,0,-16.06,17402.61
8001.37,1039.0,0.9,0,18.27,21899.06
1366.46,131.0,30.2,0,3.97,6591.11
5196.99,339.0,18.3,0,9.15,16917.84
1046.81,1974.0,11.6,1,-7.39,36460.24
5720.52,1932.0,36.0,0,-4.27,39479.8
4694.54,60.0,4.6,0,-10.52,2995.26
8933.19,1906.0,38.2,0,-16.12,42663.96
3833.69,1296.0,12.6,1,-12.84,24673.27
1612.14,1742.0,35.5,0,11.9,31459.74
1858.42,937.0,24.1,0,7.1,15959.38
7734.35,1055.0,33.1,1,1.88,31567.86
6373.07,1003.0,39.4,0,-1.0,29170.46
1460.67,1350.0,11.5,0,16.9,23879.58
1299.01,322.0,38.4,0,-17.09,7425.66
7159.21,108.0,15.6,0,-8.78,15150.47
1191.25,650.0,15.4,0,-6.0,14802.71
8307.67,1424.0,13.6,0,11.3,25005.58
7209.3,444.0,21.7,1,19.7,18485.46
1272.81,1363.0,6.2,1,-10.37,28675.89
1305.96,1941.0,22.1,0,14.97,31004.27
9873.08,233.0,21.7,0,13.22,12302.53
4055.57,1362.0,30.5,0,-11.01,27605.29
4021.1,915.0,33.3,1,-4.03,26518.49
8221.6,1743.0,17.6,1,-3.61,37007.7
9498.86,395.0,12.1,0,19.13,7271.41
9867.01,1401.0,10.4,1,-12.76,34476.15
7657.09,1684.0,7.8,0,11.97,31449.0
4074.47,1892.0,2.3,0,-6.63,32953.61
1293.26,1382.0,13.7,0,9.23,25842.21
7882.9,1019.0,10.8,0,-3.2,22624.78
5804.84,1255.0,38.7,0,3.13,27606.86
4530.11,1744.0,22.3,0,13.3,34346.83
9110.37,1163.0,13.9,0,12.17,19727.85
1556.38,109.0,23.2,1,14.66,8186.18
5179.94,1865.0,5.6,0,-17.62,30200.42
607.86,1395.0,17.8,0,7.68,27400.54
4952.28,1369.0,25.0,0,-14.4,32004.44
1034.88,471.0,19.6,0,-3.37,13218.42
1628.77,1335.0,16.1,0,1.94,27111.32
1616.5,818.0,39.8,0,-3.89,18702.96
6667.5,1320.0,35.2,0,0.78,31157.86
7587.43,258.0,24.9,0,19.86,10684.4
6042.0,1333.0,22.8,0,-14.59,31275.95
9640.64,1999.0,24.8,0,7.02,38861.32
4061.27,144.0,8.1,0,-4.16,4979.3
3214.26,1955.0,15.8,0,-14.68,36897.67
8751.69,843.0,1.6,0,-13.65,21064.13
2624.16,1748.0,19.0,1,17.97,32893.28
9650.61,1576.0,21.7,0,15.18,31406.33
615.47,1156.0,9.1,0,16.28,14987.1
9713.85,1490.0,38.6,0,19.66,25851.71
910.02,1763.0,36.4,0,-11.67,35712.0
8965.86,838.0,28.9,0,-5.78,25120.49
5513.16,688.0,21.3,1,6.77,22584.09
9933.17,1352.0,34.8,1,-0.65,31406.59
1201.07,1625.0,5.2,1,-3.26,30233.85
5761.62,1536.0,31.6,0,-5.69,26051.69
9708.37,1606.0,5.0,0,3.75,33747.81
5469.43,899.0,31.8,0,3.02,19079.15
6479.29,1645.0,11.0,0,-13.54,34966.98
7109.61,284.0,35.1,0,-1.13,17765.69
4818.14,1112.0,37.8,0,2.14,23764.83
6461.8,61.0,6.0,1,2.81,6716.44
6050.99,683.0,18.5,0,-11.6,18949.8
9061.0,765.0,39.2,0,9.69,20539.16
931.74,823.0,19.3,0,-18.99,18498.0
3169.15,1406.0,34.5,0,-5.81,28601.43
9528.91,808.0,23.5,0,11.21,15349.48
8957.51,925.0,15.0,0,2.56,14459.82
4828.74,513.0,11.4,0,-9.55,13843.14
6391.26,778.0,8.1,0,7.8,14180.51
3135.12,493.0,30.5,1,2.7,18184.66
2287.15,193.0,15.5,1,11.85,13266.49
4905.13,1227.0,20.5,0,9.4,27711.89
3856.85,1353.0,19.7,0,4.4,24992.27
6044.73,1258.0,23.1,1,-0.47,30526.73
1238.48,954.0,34.6,1,-14.67,29525.3
9756.75,791.0,39.2,0,-9.55,21275.95
9869.0,1734.0,16.3,0,-3.24,35126.02
7132.54,1062.0,33.1,0,3.97,27457.46
5592.92,984.0,30.6,1,0.55,30675.58
3440.51,100.0,22.9,1,-8.47,7676.07
8231.05,715.0,38.2,0,-19.74,21790.65
7004.95,791.0,8.0,1,-0.15,19354.24
2044.86,828.0,4.4,0,-8.57,15297.77
9153.81,1181.0,34.2,1,9.38,34820.13
8314.1,1091.0,17.6,0,-19.04,30041.63
9523.1,1235.0,33.9,1,3.39,33312.18
7394.34,1542.0,35.7,0,17.66,31059.29
6327.44,1635.0,2.5,0,-13.02,32684.12
4473.31,1450.0,35.3,0,-1.13,32039.92
9360.92,1913.0,17.9,1,-16.34,47076.49
8727.61,86.0,20.4,1,5.03,15194.57
929.58,432.0,25.1,1,2.02,13320.98
750.49,65.0,37.1,1,-3.71,10054.56
4076.4,1313.0,0.8,0,0.86,17156.82
8200.26,1801.0,19.1,0,15.86,35649.39
9879.12,525.0,27.5,0,-12.15,22850.84
1928.96,1858.0,28.9,0,-19.1,41687.78
6144.24,168.0,27.7,0,14.47,12497.19
4118.46,1872.0,5.4,0,3.08,34458.71
9714.19,736.0,12.0,0,15.63,15297.07
8500.13,248.0,14.3,0,3.88,7056.88
8464.12,997.0,32.2,0,12.41,27187.03
4952.59,551.0,11.2,0,-2.81,14445.17
4440.79,606.0,8.4,1,9.99,17511.35
3097.37,649.0,38.3,0,16.52,18786.88
1035.57,1616.0,0.4,1,2.88,30565.96
8714.86,1101.0,39.9,0,-12.77,33733.4
8222.56,657.0,27.1,0,-9.25,24006.4
9997.32,1240.0,33.1,0,-12.05,32825.67
9968.05,1446.0,11.8,0,-10.13,32385.85
5776.6,582.0,0.6,0,-7.74,13888.73
7805.38,856.0,29.5,0,2.21,21092.02
9475.27,288.0,33.4,0,3.52,17714.08
8571.65,403.0,29.6,0,-2.94,12309.97
2849.81,1378.0,5.7,0,4.62,26032.73
4780.17,404.0,30.1,0,-16.74,12229.97
1727.01,1074.0,30.8,0,-16.49,25302.41
9563.48,1433.0,26.3,0,-13.13,30054.35
6258.66,258.0,30.6,1,0.72,19736.73
2672.11,1156.0,33.8,0,-11.44,26260.75
6881.16,550.0,24.5,0,-8.67,12513.09
6372.22,1928.0,3.5,1,-3.99,39391.66
3902.55,993.0,19.5,0,12.47,18014.27
1578.8,1622.0,3.1,0,-19.45,29934.96
6879.95,1123.0,16.3,0,5.98,23070.41
5442.92,135.0,16.3,0,6.76,8643.99
7837.02,1285.0,2.6,0,11.95,19887.86
5441.55,1905.0,14.0,1,17.31,35937.08
8595.72,1223.0,4.4,0,-19.19,23692.64
5743.11,1647.0,32.3,0,-13.85,37726.71
5828.91,1774.0,37.9,0,15.45,40905.38
8828.21,495.0,2.9,0,-1.66,10131.2
4333.09,463.0,38.2,0,2.58,19783.63
1773.14,1241.0,20.9,0,6.52,16657.66
773.44,852.0,12.0,0,7.16,11400.24
7673.8,1688.0,3.1,0,17.27,25509.84
6392.94,1805.0,20.0,0,19.88,28629.38
7188.76,739.0,31.8,0,8.81,15582.81
2523.16,512.0,28.3,1,-8.51,21516.62
1795.53,1572.0,2.0,0,15.19,23022.53
638.17,586.0,2.9,0,-18.03,12271.09
3830.58,1654.0,16.1,0,-10.76,32881.71
6104.22,876.0,11.8,0,15.9,18083.99
4226.32,1352.0,9.3,0,-9.75,27001.55
4656.01,236.0,11.2,0,-11.17,8805.77
9089.51,1267.0,32.1,0,-14.47,27567.52
3808.43,931.0,37.2,1,14.36,30326.53
5382.9,1194.0,16.2,0,0.0,22073.05
7944.7,378.0,36.2,0,7.0,13519.21
4267.16,1487.0,12.9,1,-10.44,32310.33
6409.82,1732.0,19.1,1,10.32,34439.06
8692.46,473.0,9.0,1,10.4,16159.79
9520.45,237.0,25.6,0,-7.5,15065.53
1897.2,96.0,39.2,0,-3.57,11552.72
9302.58,1302.0,24.1,0,-11.61,27242.4
5175.1,1234.0,14.3,0,19.06,20969.45
2953.32,1116.0,25.9,0,5.82,26157.17
4861.79,502.0,4.9,0,17.38,11047.37
9810.31,812.0,35.5,1,-7.86,36052.79
5179.87,1209.0,20.1,0,11.28,27391.37
3623.14,1019.0,18.0,1,10.63,28268.93
6517.31,1976.0,23.4,0,7.67,32811.4
2781.38,316.0,25.0,0,18.63,11931.36
1220.7,1406.0,2.9,0,-4.26,22448.84
1724.36,838.0,27.3,0,-14.77,18428.2
1716.44,885.0,9.7,0,6.87,16023.09
1943.08,1449.0,28.6,0,9.17,30524.74
1818.86,1400.0,32.9,1,3.0,34755.77
6588.31,1983.0,32.2,0,-11.73,37772.82
2227.86,300.0,22.1,0,0.18,12252.59
3783.84,253.0,20.8,0,-7.51,8536.72
9019.49,1462.0,5.7,0,-2.9,28471.82
5002.64,1178.0,31.0,0,5.81,24997.15
6841.8,585.0,10.9,0,9.81,12920.09
2137.04,205.0,19.9,0,-10.71,11270.71
2326.75,217.0,11.4,0,-3.79,3875.45
888.25,1794.0,5.4,0,-9.23,34994.1
2104.88,424.0,25.2,0,-12.05,7952.14
3146.61,681.0,2.2,0,11.34,9516.74
2181.6,492.0,29.9,0,16.37,14260.69
1342.67,742.0,12.7,0,-5.19,16513.87
1646.04,185.0,0.0,0,10.05,2499.23
4877.4,1062.0,20.4,0,15.88,21017.67
2460.17,182.0,1.9,1,13.84,9456.62
3960.56,1611.0,11.0,0,-12.69,28671.85
5282.46,506.0,28.3,1,18.25,23602.53
7058.75,1103.0,2.5,1,-4.93,28488.92
873.47,1766.0,33.6,0,-6.43,36776.66
8094.4,1319.0,0.2,0,-17.5,22367.67
6465.05,1089.0,9.9,0,-0.55,21352.21
1276.71,682.0,29.6,0,-15.64,17152.11
8799.0,699.0,12.7,0,-10.06,15207.83
9248.29,1355.0,4.1,0,-7.32,27438.05
1080.24,1989.0,14.4,0,12.35,30649.39
3130.34,1341.0,10.8,1,15.02,29601.76
8158.91,1138.0,33.7,0,-7.9,25307.85
7608.47,1475.0,12.5,0,14.35,32441.83
2252.95,957.0,31.6,0,14.29,17963.06
2488.82,167.0,35.7,0,10.59,10699.57
4019.48,1146.0,17.4,0,-14.13,26183.62
5102.97,1917.0,36.4,1,7.61,41270.61
6373.42,392.0,15.1,0,17.8,13216.19
4004.68,1396.0,38.6,0,7.3,26375.93
4894.08,442.0,3.6,0,-6.74,14683.85
7600.97,1095.0,27.5,1,0.02,30760.19
848.49,239.0,19.8,0,5.83,5696.99
2898.15,928.0,15.5,0,0.42,17542.25
7276.82,1525.0,25.3,0,-15.2,35210.79
9004.46,728.0,28.2,0,-7.52,19897.59
5360.94,1347.0,0.2,0,12.1,19698.3
5555.08,1601.0,6.7,0,14.46,26308.93
1518.13,1858.0,28.5,0,-14.51,31963.14
4750.42,508.0,26.7,0,18.1,19333.57
5559.86,829.0,38.6,1,-6.85,26786.89
2803.47,347.0,30.4,0,6.49,14673.65
3057.81,1985.0,38.0,0,10.07,38737.8
4084.2,1858.0,28.1,0,12.48,31575.37
690.68,1103.0,11.9,0,17.83,17829.24
3559.75,1692.0,4.2,1,-7.48,35952.94
2508.76,1066.0,31.3,0,14.34,21784.99
3611.22,1266.0,25.8,0,-14.73,30706.63
1637.74,224.0,1.9,0,8.2,6969.66
8960.01,1523.0,14.4,0,9.68,32184.48
6139.13,299.0,38.3,0,7.11,13261.9
6951.47,1661.0,20.0,0,-9.91,29944.49
7997.13,1575.0,17.3,0,14.92,28050.22
5235.2,1432.0,18.3,1,-13.25,34408.36
1325.74,121.0,8.4,0,-17.85,7207.35
5602.51,641.0,14.7,0,8.7,8156.82
6074.99,563.0,14.8,1,-0.98,19496.18
7581.68,752.0,2.1,0,13.96,14850.82
4600.77,221.0,30.7,0,-4.66,11294.97
1712.01,1877.0,16.7,0,-13.27,37279.39
3195.87,1130.0,32.9,0,13.46,25312.82
3949.28,646.0,34.0,0,1.96,22238.08
6636.21,824.0,8.5,0,-12.43,17722.46
5922.39,922.0,26.3,1,8.82,29157.9
3882.92,1221.0,18.9,0,0.44,28906.73
9871.89,1056.0,35.2,0,4.17,31412.1
6254.86,1843.0,8.6,0,-1.56,29344.27
2753.65,1019.0,27.1,0,13.15,20272.62
1466.93,1985.0,24.3,0,13.18,33276.01
1952.16,1710.0,11.8,0,8.38,29790.39
2836.6,457.0,5.5,1,-15.78,17681.82
2026.47,1865.0,26.1,0,13.55,30595.25
2272.39,277.0,29.5,0,6.84,10854.96
3208.4,1644.0,12.6,0,7.88,22099.37
2147.05,792.0,25.8,0,-5.48,22879.71
9019.27,1762.0,15.8,0,15.17,31350.61
1262.22,1743.0,28.5,0,9.01,31923.83
5482.86,1622.0,8.0,0,-15.5,28969.23
4398.77,1591.0,35.6,0,-3.69,36912.69
9832.6,644.0,11.5,0,15.46,7128.5
1564.37,208.0,14.7,0,-18.11,8240.5
4279.63,836.0,2.3,0,18.46,13347.73
9709.97,388.0,4.5,1,7.17,14638.44
8722.32,1405.0,20.6,0,5.26,34323.65
8262.18,725.0,10.7,0,-9.18,15217.47
2950.08,1952.0,33.4,0,-10.05,40564.73
2123.43,1300.0,0.6,0,17.68,20331.87
6852.11,1654.0,15.2,0,-8.07,35696.45
9329.07,308.0,13.5,0,11.02,9106.46
5789.25,1731.0,0.8,0,-4.28,27156.27
5930.32,1849.0,5.0,1,-14.43,41143.35
3159.8,1000.0,16.5,0,-19.57,22727.28
7810.18,1232.0,19.7,0,1.77,21554.47
2276.92,1541.0,16.2,0,19.03,24353.06
3574.95,391.0,21.2,1,-5.23,18476.92
4541.65,1030.0,23.8,0,-5.71,25452.21
5322.3,827.0,0.4,0,-6.24,13612.65
2802.89,335.0,18.6,0,0.82,1337.14
1590.95,767.0,38.5,0,-2.37,21763.39
6300.89,183.0,20.8,0,15.2,5170.05
3241.99,100.0,27.1,1,0.22,7476.65
6021.76,314.0,12.5,0,0.31,1687.6
1966.45,1928.0,31.0,1,-14.47,44695.42
5070.83,1122.0,30.9,0,19.31,24383.61
5559.6,1933.0,20.9,0,-10.0,36073.58
992.32,893.0,39.0,0,-17.07,27237.14
3697.74,658.0,5.0,0,6.53,14113.8
1776.94,1037.0,0.7,1,3.81,26122.43
1102.06,907.0,30.8,1,-3.39,21411.34
9904.62,256.0,32.3,1,-3.11,20395.58
3562.36,1300.0,4.8,0,11.4,16474.66
8193.81,471.0,10.6,0,-12.17,13576.26
2919.09,1258.0,0.7,0,12.81,18702.25
6974.28,1318.0,11.7,1,5.95,32005.84
7722.16,346.0,30.9,0,-3.24,15638.93
6158.57,170.0,20.7,0,-1.68,11771.97
4979.97,1572.0,13.9,0,-9.73,31751.08
4412.49,947.0,14.9,0,10.08,25037.34
3814.25,163.0,0.1,1,0.51,8382.16
9330.53,1990.0,12.0,0,-7.17,34663.7
8390.88,163.0,25.9,0,3.84,12238.08
9667.76,1405.0,39.0,0,19.83,29714.02
1680.82,1968.0,33.9,0,-2.59,41792.55
7443.24,516.0,0.9,0,16.83,9460.53
9414.23,327.0,35.9,0,-6.2,15605.61
2221.71,287.0,31.3,1,-17.81,16687.86
1131.71,641.0,31.2,1,-11.83,24531.34
7540.65,247.0,18.3,0,-3.25,10926.81
5957.49,1400.0,15.9,0,-11.21,26130.68
8497.37,171.0,12.1,1,-19.99,20839.38
1827.84,1043.0,2.6,0,16.6,13193.56
8055.04,1994.0,9.1,0,13.76,34763.07
2415.46,1637.0,9.9,0,9.69,28920.77
2054.73,1250.0,19.4,0,-13.29,19814.14
2060.53,647.0,29.9,0,-15.19,19373.35
8238.46,1267.0,19.0,1,-17.3,30127.0
6819.37,1078.0,2.3,0,8.96,21789.86
5469.12,881.0,38.3,0,17.15,19349.68
3908.89,305.0,37.7,0,-2.78,16370.11
8833.41,1779.0,31.4,0,-15.23,41917.64
4228.23,927.0,39.7,0,0.5,26495.59
8257.69,430.0,21.8,0,-6.05,16165.1
4671.78,767.0,38.5,0,-5.01,21251.66
4080.97,858.0,3.0,0,4.85,13391.1
4895.46,1664.0,14.6,1,8.75,39041.86
3363.09,1481.0,9.0,1,-15.58,29840.4
7602.29,1550.0,7.8,0,-18.58,26994.89
5275.84,72.0,5.6,0,19.77,5251.26
2706.02,862.0,24.9,0,-10.69,17721.68
9045.96,989.0,31.3,0,-17.85,24180.42
4146.97,87.0,23.1,0,-12.4,4672.83
5663.75,557.0,5.9,0,-18.44,12383.72
9111.49,1533.0,32.4,0,-4.33,34131.27
6430.26,317.0,25.4,1,12.1,17824.82
1610.53,1094.0,15.5,1,-6.35,28680.35
9428.41,470.0,27.0,1,-2.23,23911.21
6463.23,74.0,10.4,0,7.02,5280.89
3681.6,520.0,13.8,0,0.36,11784.43
1823.08,1953.0,36.7,0,14.46,37919.58
8043.24,1613.0,11.6,0,14.64,33187.01
6390.69,1921.0,18.8,0,-19.6,37720.1
5567.88,1001.0,35.6,0,11.12,22627.66
8991.98,264.0,28.3,0,-1.57,11264.6
7991.67,1119.0,2.5,1,19.55,20371.37
1940.91,936.0,5.9,0,-0.67,18241.88
3461.36,1696.0,0.3,0,19.48,27416.73
2860.65,241.0,25.2,0,10.18,11014.08
7567.49,1002.0,17.9,0,-10.06,22814.67
818.56,343.0,5.4,0,1.54,10720.34
5913.95,683.0,38.3,0,19.69,17840.03
7743.36,1488.0,21.2,0,14.3,32148.36
8829.27,978.0,9.7,0,-16.11,22195.51
3749.78,783.0,20.0,0,8.25,15139.01
8301.94,819.0,27.2,0,-6.18,24148.1
1551.0,946.0,3.0,0,-19.72,18380.8
8541.3,1581.0,11.0,1,-3.86,36559.79
1711.14,1790.0,32.3,0,-10.61,35247.39
4274.23,1913.0,18.4,0,12.75,33373.91
8074.31,1584.0,21.9,0,-6.51,39862.35
1924.22,665.0,17.3,1,13.1,21904.98
2677.89,1392.0,1.8,1,-19.98,31334.65
7361.4,903.0,6.6,0,-7.69,19506.97
7340.35,547.0,17.8,0,-10.35,19283.37
6590.9,1690.0,8.4,1,-10.66,37721.0
7092.51,125.0,2.0,0,-17.27,7280.48
5655.88,1808.0,33.7,0,-12.52,36794.19
2892.09,950.0,39.2,0,2.22,23123.29
3784.11,1293.0,31.7,1,-8.35,23781.71
2225.18,1336.0,34.2,1,-3.3,33875.11
9130.28,1795.0,9.7,0,-4.93,32361.75
6042.22,1292.0,38.4,0,15.04,33653.83
4308.09,1247.0,7.9,0,16.21,21198.08
4889.06,180.0,38.1,0,-0.28,9211.19
9499.19,1061.0,39.8,1,-6.79,34015.45
1956.84,343.0,28.5,0,-15.73,9934.52
6069.18,1488.0,39.2,0,18.14,33173.01
5305.94,1049.0,22.8,0,-17.59,25221.9
6308.82,1376.0,10.4,0,-8.09,29398.44
672.05,131.0,17.5,0,-8.08,4074.47
8785.18,215.0,23.7,0,-7.18,13047.98
9355.12,1447.0,2.9,0,-13.43,23943.89
5868.77,191.0,24.9,0,11.33,11969.96
7118.18,189.0,39.2,0,-15.1,17007.39
9263.74,74.0,7.6,0,5.4,8312.62
7218.77,1915.0,31.7,0,-15.05,39886.36
1949.12,1488.0,36.3,1,-17.18,38178.47
5974.74,739.0,37.7,1,16.38,30122.43
6263.79,628.0,38.4,1,-12.39,25372.95
4529.24,732.0,20.9,0,12.85,16803.05
7496.22,1561.0,39.1,1,1.79,36573.99
9376.49,1340.0,30.3,0,-16.89,29587.89
9292.9,411.0,6.5,0,18.22,10942.8
4782.97,390.0,19.1,0,-10.12,16170.91
1575.76,242.0,28.7,0,14.39,8242.9
9855.99,1338.0,9.9,0,-13.25,27322.63
8469.53,1541.0,25.6,0,14.16,30114.31
1684.3,567.0,26.7,0,-19.47,14630.96
9248.0,91.0,6.5,0,0.47,8135.45
8764.02,210.0,22.6,0,10.78,6702.22
5428.96,1937.0,30.9,0,17.39,40398.88
6117.12,626.0,20.0,0,16.37,13135.77
4290.53,1550.0,0.5,1,12.78,31634.78
1020.24,1268.0,0.4,1,15.53,19551.63
3684.37,795.0,14.3,0,-12.03,19589.17
8127.11,451.0,37.0,0,-8.63,20945.9
544.0,287.0,9.1,0,-8.44,8229.88
3668.24,1249.0,25.4,1,-4.92,28058.3
4282.6,1561.0,8.9,0,-4.27,28415.96
5605.26,1306.0,12.9,0,1.78,21268.44
9238.63,1084.0,33.9,0,-13.6,27995.08
3790.29,132.0,29.2,0,7.65,12179.36
3796.06,1939.0,3.8,0,-13.3,35193.41
7506.26,1607.0,17.1,1,-7.59,36947.7
4796.07,621.0,1.2,0,0.13,9011.31
2633.75,1961.0,19.2,0,11.86,35566.28
4798.18,1224.0,26.5,1,9.58,30345.44
1838.14,1186.0,4.7,1,5.82,17226.3
2175.68,1509.0,11.6,0,-13.77,29479.47
5234.49,1633.0,15.9,0,1.88,30070.96
4479.79,1330.0,36.8,0,-16.5,34475.67
9191.04,300.0,39.7,1,-4.91,19144.99
3942.74,710.0,1.8,0,-3.46,3721.62
6015.59,1860.0,30.4,1,-18.41,44302.16
6506.51,488.0,14.9,0,-9.04,15144.98
624.4,776.0,15.7,0,18.23,8557.66
6803.61,893.0,30.2,0,18.15,18437.05
2191.34,907.0,36.7,0,-5.91,30783.88
9630.17,1245.0,38.0,0,-18.28,31646.24
1912.3,1889.0,23.1,0,-12.84,37127.87
4438.93,519.0,14.3,0,-4.31,11259.62
1310.82,287.0,31.5,1,17.91,8555.92
9970.31,435.0,10.0,0,-14.35,14156.56
5270.85,1780.0,22.6,0,10.54,32200.51
6156.16,1309.0,14.3,0,-15.65,25639.25
1137.23,608.0,26.3,0,19.25,13050.49
7624.62,1641.0,9.6,0,-4.74,31523.58
2494.1,1730.0,7.7,0,11.01,27393.77
9031.52,1701.0,36.7,1,-6.3,39083.91
2448.83,1842.0,4.1,0,5.11,30717.46
2311.53,542.0,20.2,0,-12.32,8468.91
847.22,1522.0,8.8,0,-14.16,20007.07
4984.64,948.0,1.6,0,17.52,17840.27
5865.99,1692.0,1.4,0,16.71,28784.19
1124.23,1471.0,7.0,1,15.5,27610.16
7867.51,1564.0,34.7,1,5.02,34741.27
4806.24,1330.0,11.3,0,12.33,21495.49
5481.71,396.0,38.0,0,-17.24,16875.16
4687.25,1113.0,23.3,0,-6.61,19429.63
4307.25,1970.0,17.5,0,-7.45,33577.19
5816.58,1878.0,23.2,0,5.43,37240.53
1974.78,134.0,20.7,0,-5.76,11876.66
2228.32,371.0,30.4,0,-14.06,12621.68
8686.96,307.0,11.3,0,3.86,13167.29
9488.1,1466.0,14.1,0,12.58,22805.16
4046.44,1645.0,35.8,0,-4.72,36201.75
3072.07,466.0,37.9,0,-14.71,14867.79
6618.0,1036.0,35.7,0,-12.13,27888.29
4382.97,1689.0,16.8,1,-10.5,35984.43
741.17,1479.0,31.2,0,-8.0,33399.52
1983.45,1107.0,19.1,0,5.71,18332.6
7301.74,1201.0,19.9,0,4.04,27208.65
6759.78,1041.0,8.2,1,7.84,24170.9
757.41,630.0,23.6,0,-5.5,14526.12
2608.74,1152.0,7.4,0,12.96,18481.99
2695.21,1393.0,13.3,0,-11.84,23309.92
6882.98,1753.0,34.2,0,-1.24,36633.2
687.25,1291.0,8.3,1,12.04,25210.81
1489.03,1534.0,2.8,0,-12.79,26073.8
8099.2,362.0,2.8,1,-15.61,16535.71
2196.17,950.0,37.6,1,15.35,29041.11
6701.09,68.0,20.3,1,-6.28,16702.01
2762.74,531.0,16.4,0,7.35,8881.77
1444.69,1467.0,32.4,0,-18.99,33333.58
2810.14,1984.0,33.4,0,7.6,33684.96
7361.54,243.0,13.3,0,-7.36,12341.3
8629.12,833.0,27.7,0,-17.77,25638.06
8387.09,1610.0,30.8,0,4.39,28429.25
4273.24,448.0,26.2,0,-10.37,15200.24
6846.81,1132.0,6.1,0,-4.53,20579.13
2447.35,1479.0,35.0,1,-16.78,34488.92
3284.9,1251.0,21.6,0,-14.11,29904.42
9015.19,417.0,11.3,1,-8.08,16702.53
623.52,743.0,17.0,0,-16.41,13752.22
1312.33,1578.0,1.5,1,16.43,28545.08
2474.92,1131.0,5.1,0,-19.76,22858.94
752.06,60.0,30.6,0,-0.65,7030.07
2223.64,1534.0,0.0,1,-15.07,33825.61
6038.89,119.0,16.7,0,-7.69,10343.19
4503.53,1504.0,20.9,1,17.04,26096.54
8980.38,445.0,2.2,0,-13.53,11094.0
8265.71,1918.0,38.9,0,18.63,37514.94
3747.26,767.0,9.0,0,-11.77,17574.44
2964.52,688.0,12.2,0,9.66,5581.14
4107.08,340.0,12.2,0,1.87,17087.72
6107.8,646.0,9.2,0,15.38,14948.9
3046.6,1759.0,0.1,0,2.16,28200.98
6429.41,1993.0,29.2,0,1.38,42376.36
4389.41,768.0,38.7,1,-12.18,34458.02
5744.45,925.0,9.0,1,-13.35,27218.74
4643.2,1458.0,26.5,0,16.66,31010.23
3297.42,1778.0,29.7,0,-6.89,35198.1
9510.31,1206.0,33.9,0,-5.12,29623.86
7754.26,813.0,16.9,0,10.39,17201.47
1831.08,855.0,12.1,1,-6.45,19195.6
8750.45,1406.0,13.0,1,18.08,29566.77
5130.6,56.0,28.5,0,9.52,4297.37
8998.25,1258.0,32.7,0,3.9,29366.96
8098.62,743.0,7.3,0,15.24,10377.53
4539.53,1599.0,14.8,1,-18.02,36231.57
713.46,231.0,36.1,0,-9.72,11710.63
3052.43,1197.0,32.3,0,-1.4,26487.37
5645.53,988.0,39.4,0,-10.92,24827.36
6518.04,1303.0,30.2,0,9.76,37281.11
2949.93,176.0,15.7,0,16.77,10006.38
1823.88,1181.0,23.6,1,-3.05,24861.88
8431.84,1145.0,26.4,0,-6.31,27881.24
9851.82,1143.0,3.1,0,18.46,19401.88
5494.06,1227.0,21.8,0,-2.21,22638.05
2130.95,1369.0,28.4,0,-0.44,23291.56
3086.92,1620.0,6.7,0,-5.93,28949.33
674.71,576.0,31.2,0,16.38,11869.97
9185.84,1659.0,23.4,0,2.76,36828.62
1618.64,1022.0,38.1,0,10.49,25893.46
5976.91,200.0,1.7,0,12.47,9455.75
3103.52,164.0,10.6,0,-6.33,4085.91
5764.69,702.0,24.1,1,-2.65,24859.52
6688.49,1581.0,11.9,0,13.94,30207.22
8382.55,1430.0,28.6,0,-5.47,30371.38
2461.0,1588.0,30.4,0,11.76,27863.62
604.46,1059.0,4.1,0,17.64,20419.86
1800.41,908.0,20.6,0,4.93,18925.08
9050.18,338.0,20.4,0,9.67,14793.9
8801.96,690.0,14.8,0,12.2,14262.32
6175.42,896.0,37.3,0,13.8,19234.2
6204.91,223.0,33.1,0,-4.2,11691.55
6817.85,480.0,27.9,1,-17.95,22253.39
2166.03,1217.0,28.6,1,-3.92,27167.05
9186.91,1485.0,18.5,0,6.95,29969.78
4478.32,1997.0,36.8,0,-1.99,34652.14
4139.82,1870.0,27.8,1,9.96,36513.41
5429.72,1303.0,29.2,1,-5.72,35562.13
946.18,871.0,34.5,0,5.39,21818.31
2079.69,1291.0,11.0,0,-12.54,22418.43
7511.32,1582.0,32.3,0,9.97,30091.26
1286.59,281.0,7.8,0,1.83,3188.11
6229.95,849.0,13.8,0,-11.84,18444.62
2830.82,1688.0,13.4,0,-8.32,32013.95
4198.31,798.0,39.1,0,9.94,23893.66
3242.59,1165.0,34.3,0,-0.7,24516.94
3878.89,1196.0,28.0,0,-11.36,22939.28
7330.94,410.0,29.1,0,18.69,14936.12
3322.66,756.0,22.5,0,8.61,14344.29
5880.84,702.0,37.9,0,18.29,18034.01
5022.48,101.0,19.9,0,-2.92,12206.66
6804.88,97.0,15.2,1,-1.0,15465.21
9399.88,1672.0,6.5,0,15.92,30281.83
7459.43,582.0,31.4,0,1.0,14860.77
2541.93,1060.0,29.4,0,8.29,23021.22
796.24,633.0,15.4,0,-9.91,16941.7
2991.51,1884.0,1.0,1,-2.13,34005.74
6153.24,556.0,33.6,0,-15.06,23381.33
988.55,888.0,0.5,0,-11.76,18722.18
5215.48,1752.0,28.1,0,-19.96,41102.88
6170.01,1692.0,38.8,0,-18.43,38613.7
3675.32,413.0,17.5,1,19.09,16767.28
7823.67,1615.0,9.4,1,-10.31,40085.97
1512.68,943.0,28.2,0,6.53,21366.86
1213.81,992.0,32.7,0,13.56,19431.95
7417.79,310.0,21.9,1,2.03,16226.89
5207.17,207.0,38.7,1,-13.87,20273.06
7039.82,1469.0,2.1,0,9.12,21373.83
4630.86,1018.0,20.2,0,4.01,20874.7
2840.82,902.0,28.7,0,9.25,23245.56
8281.47,1473.0,34.5,1,10.79,30693.02
8094.45,1543.0,7.2,0,19.02,31704.66
7099.62,360.0,32.0,0,2.94,18479.62
3085.38,1240.0,22.1,0,-6.33,23690.89
6107.19,314.0,15.9,0,5.94,12090.22
3929.25,1515.0,5.3,0,-17.26,27136.5
1370.03,1331.0,34.6,0,15.9,29991.62
9214.48,1915.0,6.3,0,-15.22,38762.43
1799.78,184.0,12.4,0,-6.89,2495.9
9527.25,161.0,11.6,0,12.63,10254.24
4737.05,600.0,34.9,0,3.89,17415.53
